BIN LOCATION ,SKU ID
A11-S6-B1,8904488501276
A11-S6-B1,8904488501290
A11-S6-B1,8904488500347
A11-S6-B1,8904488528938
A11-S6-B1,8904488528938
A11-S6-B1,8904488501290
A11-S6-B1,8904413467936
A11-S6-B1,8904413412493
A11-S6-B1,8904413449727
A11-S6-B1,8904488500316
A11-S6-B2,8904488518427
A11-S6-B2,8904488518434
A11-S6-B2,8904488518427
A11-S6-B2,8904488518427
A11-S6-B2,8904488518434
A11-S6-B2,8904488518410
A11-S6-B2,8904488518434
A11-S6-B2,8904488518434
A11-S6-B2,8904488518427
A11-S6-B2,8904488528921
A11-S6-B3,8904488523650
A11-S6-B3,8904488523674
A11-S6-B3,8904488523667
A11-S6-B3,8904488518458
A11-S6-B3,8904488518410
A11-S6-B3,8904488523698
A11-S6-B3,8904488501290
A11-S6-B3,8904488500354
A11-S6-B3,8904488500330
A11-S6-B3,8904488523667
A11-S6-B4,8904488523674
A11-S6-B4,8904488522523
A11-S6-B4,8904413422447
A11-S6-B4,8904488528921
A11-S6-B4,8904488523681
A11-S6-B4,8904488500330
A11-S6-B4,8904413422447
A11-S6-B4,8904413493225
A11-S6-B4,8904413422454
A11-S6-B4,8904488528945
A11-S6-B5,8904488501290
A11-S6-B5,8904488501290
A11-S6-B5,8904488500323
A11-S6-B5,8904413449710
A11-S6-B5,8904488501290
A11-S6-B5,8904488528907
A11-S6-B5,8904488501276
A11-S6-B5,8904413495632
A11-S6-B5,8904413495663
A11-S6-B5,8904413412509
A11-S6-B6,8904488500347
A11-S6-B6,8904413412479
A11-S6-B6,8904488528914
A11-S6-B6,8904413422454
A11-S6-B6,8904413493232
A11-S6-B6,8904413493249
A11-S6-B6,8904413493249
A11-S6-B6,8904413422485
A11-S6-B6,8904488522523
A11-S6-B6,8904488522547
A11-S6-B7,8904413412486
A11-S6-B7,8904413449734
A11-S6-B7,8904413449703
A11-S6-B7,8904413449727
A11-S6-B7,8904413449741
A11-S6-B7,8904488522547
A11-S6-B7,8904488501290
A11-S6-B7,8904488501276
A11-S6-B7,8904413449734
A11-S6-B7,8904488522523
A11-S6-B8,8904413467905
A11-S6-B8,8904413412486
A11-S6-B8,8904413495656
A11-S6-B8,8904413467929
A11-S6-B8,8904413467936
A11-S6-B8,8904413497179
A11-S6-B9,8904413495670
A11-S6-B9,8904413497155
A11-S6-B9,8904413412509
A11-S6-B9,8904413497162
A11-S6-B9,8904413495656
A11-S6-B9,8904413495663
A11-S6-B10,8904413497155
A11-S6-B10,8904413467929
A11-S6-B10,8904413497162
A11-S6-B10,8904413497148
A11-S6-B10,8904413495649
A11-S6-B10,8904413467912
A11-S6-B10,8904488501276
BIN LOCATION,SKU ID
A11-S6-B11,8904413419058
A11-S6-B11,8904413419102
A11-S6-B11,8904413419089
A11-S6-B11,8904413419096
A11-S6-B11,8904413419102
A11-S6-B12,8904413412172
A11-S6-B12,8904488503683
A11-S6-B12,8904413458507
A11-S6-B12,8904413458521
A11-S6-B12,8904413412202
A11-S6-B12,8904413412189
A11-S6-B12,8904413412172
A11-S6-B13,8904413467103
A11-S6-B13,8904413459405
A11-S6-B13,8904413467097
A11-S6-B13,8904413459412
A11-S6-B13,8904413467127
A11-S6-B13,8904413467127
A11-S6-B13,8904413459443
A11-S6-B13,8904413467134
A11-S6-B13,8904413469220
A11-S6-B13,8904413459429
A11-S6-B13,8904413459429
A11-S6-B13,8904413467110
A11-S6-B13,8904413467110
A11-S6-B13,8904413459436
A11-S6-B13,8904413459436
A11-S6-B14,8904488503706
A11-S6-B14,8904413419096
A11-S6-B14,8904413419089
A11-S6-B14,8904488503690
A11-S6-B14,8904413419065
A11-S6-B15,8904488501900
A11-S6-B15,8904488501894
A11-S6-B15,8904488500002
A11-S6-B15,8904488501870
A11-S6-B15,8904488501894
A11-S6-B15,8904488501917
A11-S6-B15,8904488501887
A11-S6-B15,8904488501900
A11-S6-B15,8904488500019
A11-S6-B15,8904413469237
A11-S5-B15,8904413419096
A11-S5-B15,8904413458484
A11-S5-B15,8904413458514
A11-S5-B15,8904413458491
A11-S5-B15,8904413412172
A11-S5-B15,8904413412196
A11-S5-B15,8904413412196
A11-S5-B15,8904413458514
A11-S5-B15,8904413458507
A11-S5-B15,8904413412189
A11-S5-B15,8904413412165
A11-S5-B14,8904413419089
A11-S5-B14,8904413419096
A11-S5-B14,8904413419089
A11-S5-B14,8904413419058
A11-S5-B14,8904488503683
A11-S5-B13,8904413412172
A11-S5-B13,8904413412196
A11-S5-B13,8904413412165
A11-S5-B13,8904413412196
A11-S5-B13,8904488503690
A11-S5-B13,8904488503676
BIN LOCATION ,SKU ID 
A11-S5-B1,8904413449222
A11-S5-B1,8904413449239
A11-S5-B1,8904413449567
A11-S5-B1,8904413449260
A11-S5-B1,8904413449246
A11-S5-B1,8904413449543
A11-S5-B1,8904413449536
A11-S5-B1,8904413449529
A11-S5-B1,8904413449550
A11-S5-B1,8904413449550
A11-S5-B2,8904413451072
A11-S5-B2,8904413490675
A11-S5-B2,8904488511756
A11-S5-B2,8904413470523
A11-S5-B2,8904413449239
A11-S5-B3,8904413451065
A11-S5-B3,8904413451096
A11-S5-B3,8904413451089
A11-S5-B3,8904413470516
A11-S5-B3,8904413449246
A11-S5-B4,8904413490644
A11-S5-B4,8904413490651
A11-S5-B4,8904413490637
A11-S5-B4,8904488511763
A11-S5-B4,8904413449543
A11-S5-B5,8904488511756
A11-S5-B5,8904413490668
A11-S5-B5,8904488511749
A11-S5-B5,8904413451096
A11-S5-B5,8904413449253
A11-S5-B6,8904413470516
A11-S5-B6,8904413490651
A11-S5-B6,8904488511763
A11-S5-B6,8904413470493
A11-S5-B6,8904488511770
A11-S5-B7,8904413451089
A11-S5-B7,8904413490668
A11-S5-B7,8904413470530
A11-S5-B7,8904413451102
A11-S5-B7,8904413470509
A11-S5-B7,8904413470509
BIN LOCATION ,SKU ID 
A10-S6-B1,8904413456091
A10-S6-B1,8904413456091
A10-S6-B1,8904413456091
A10-S6-B1,8904413456107
A10-S6-B1,8904413456091
A10-S5-B1,8904413456107
A10-S5-B1,8904413456077
A10-S5-B1,8904413456084
A10-S5-B1,8904413456114
A10-S5-B1,8904413456077
A10-S5-B1,8904413453014
A10-S5-B2,8904413456107
A10-S5-B2,8904413456114
A10-S5-B2,8904413496974
A10-S5-B2,8904413496981
A10-S5-B2,8904413496981
A11-S5-B12,8904413496974
A11-S5-B12,8904488527399
A11-S5-B12,8904488527405
A11-S5-B12,8904488527412
A11-S5-B12=,8904488521526
A11-S5-B8,8904413452994
A11-S5-B8,8904413453014
A11-S5-B8,8904413453021
A11-S5-B8,8904413453007
A11-S5-B8,8904413453007
A11-S5-B9,8904413496998
A11-S5-B9,8904488527399
A11-S5-B9,8904488521489
A11-S5-B9,8904488521519
A11-S5-B9,8904488521519
A11-S5-B10,8904413456084
A11-S5-B10,8904488527382
A11-S5-B10,8904413456107
A11-S5-B10,8904413496950
A11-S5-B10,8904488527405
A11-S5-B11,8904488521502
A11-S5-B11,8904413496967
A11-S5-B11,8904488521496
A11-S5-B11,8904488521502
A10-S4-B1,8904488513422
A10-S4-B1,8904413441899
A10-S4-B1,8904488513408
A10-S4-B1,8904488526477
A10-S4-B1,8904488513439
A10-S4-B1,8904413441882
A10-S4-B1,8904488528235
A10-S4-B1,8904488513439
A10-S4-B1,8904413498541
A10-S4-B1,8904488528211
A10-S4-B1,8904413400049
A10-S4-B1,8904488528228
A10-S4-B1,8904413400049
A10-S4-B1,8904488528259
A10-S4-B1,8904413450891
A10-S4-B2,8904413452161
A10-S4-B2,8904488529164
A10-S4-B2,8904413483820
A10-S4-B2,8904413483837
A10-S4-B2,8904413450921
A10-S4-B2,8904413452147
A10-S4-B2,8904413400018
A10-S4-B2,8904413450914
A10-S4-B2,8904413400032
A10-S4-B2,8904488532768
A10-S4-B2,8904488528235
A10-S4-B2,8904488532782
A10-S4-B2,8904413483820
A10-S4-B2,8904413483813
A10-S4-B2,8904413452161
A10-S4-B3,8904488501726
A10-S4-B3,8904413400056
A10-S4-B3,8904488532799
A10-S4-B3,8904413498251
A10-S4-B3,8904488501726
A10-S4-B3,8904413498251
A10-S4-B3,8904413400049
A10-S4-B3,8904413407895
A10-S4-B3,8904488501719
A10-S4-B3,8904413498244
A10-S4-B3,8904488519813
A10-S4-B3,8904488519820
A10-S4-B3,8904413496035
A10-S4-B3,8904413400032
A10-S4-B3,8904488532782
A10-S4-B4,8904488529171
A10-S4-B4,8904413483806
A10-S4-B4,8904413483813
A10-S4-B4,8904413452161
A10-S4-B4,8904413452178
A10-S4-B4,8904488528242
A10-S4-B4,8904413498268
A10-S4-B4,8904413496011
A10-S4-B4,8904413452178
A10-S4-B4,8904488519813
A10-S4-B4,8904488528242
A10-S4-B4,8904488519820
A10-S4-B4,8904413496028
A10-S4-B4,8904413452147
A10-S4-B4,8904413452161
A10-S4-B5,8904488519820
A10-S4-B5,8904488519820
A10-S4-B5,8904413407918
A10-S4-B5,8904488519806
A10-S4-B5,8904413498237
A10-S4-B5,8904488532775
A10-S4-B5,8904413450907
A10-S4-B5,8904413400049
A10-S4-B5,8904488519813
A10-S4-B5,8904413407901
A10-S4-B5,8904488513415
A10-S4-B5,8904413496028
A10-S4-B5,8904488513422
A10-S4-B5,8904413400056
A10-S4-B5,8904488529164
A10-S4-B7,8904488519806
A10-S4-B7,8904488529157
A10-S4-B7,8904488526507
A10-S4-B7,8904413498534
A10-S4-B7,8904413441912
A10-S4-B7,8904413441905
A10-S4-B7,8904413498565
A10-S4-B7,8904413498244
A10-S4-B7,8904488519813
A10-S4-B7,8904488519844
A10-S4-B7,8904488513446
A10-S4-B7,8904488529188
A10-S4-B7,8904413498220
A10-S4-B7,8904413496011
A10-S4-B7,8904413407901
A10-S4-B8,8904413498534
A10-S4-B8,8904413407925
A10-S4-B8,8904413407888
A10-S4-B8,8904413407895
A10-S4-B8,8904413498268
A10-S4-B8,8904413498251
A10-S4-B8,8904413498251
A10-S4-B8,8904413400032
A10-S4-B8,8904413450884
A10-S4-B8,8904413498237
A10-S4-B8,8904413400025
A10-S4-B8,8904413400032
A10-S4-B8,8904488515174
A10-S4-B8,8904413498220
A10-S4-B8,8904413495991
A10-S4-B8,8904413441875
A10-S4-B8,8904413400025
A10-S4-B8,8904488526514
A10-S4-B8,8904413498541
A10-S4-B8,8904488526491
A10-S4-B8,8904488532775
A10-S4-B8,8904488515150
A10-S4-B8,8904413498558
A10-S4-B8,8904488526491
A10-S4-B8,8904488501702
A10-S4-B8,8904488529171
A10-S4-B8,8904413441905
A10-S4-B8,8904413441899
A10-S4-B8,8904413498527
A10-S4-B8,8904413450907
A10-S4-B8,8904413450914
A10-S4-B8,8904413400018
A10-S4-B8,8904488526484
A10-S4-B8,8904488526507
A10-S4-B8,8904413498244
A10-S4-B8,8904488515174
A10-S4-B8,8904488515181
A10-S4-B8,8904488515167
A10-S4-B8,8904488515167
A10-S4-B8,8904488515143
A10-S4-B8,8904488501696
A10-S4-B8,8904488501733
A10-S4-B8,8904488501719
A10-S4-B8,8904413498244
A10-S4-B8,8904488526088
A10-S4-B8,8904488522288
A10-S4-B8,8904488522295
A10-S4-B8,8904488526088
A10-S4-B8,8904488522271
A10-S4-B8,8904488522288
A10-S4-B8,8904488522295
A10-S4-B8,8904488525586
A10-S4-B8,8904488522264
A10-S4-B8,8904488526057
A10-S4-B8,8904413497520
A10-S4-B8,8904413497506
A10-S4-B8,8904413497506
A10-S4-B8,8904413497513
A10-S4-B8,8904413460340
A10-S4-B12,8904413460326
A10-S4-B12,8904488525579
A10-S4-B12,8904413460333
A10-S4-B12,8904488525609
A10-S4-B12,8904488522301
A10-S4-B12,8904488526071
A10-S4-B12,8904488526071
A10-S4-B12,8904413497490
A10-S4-B12,8904488526064
A10-S4-B12,8904488525593
A10-S4-B12,8904488525593
A10-S4-B12,8904488525616
A10-S4-B12,8904488526095
A10-S4-B12,8904413419539
A10-S4-B12,8904488525609
A10-S4-B13,8904413419560
A10-S4-B13,8904413419546
A10-S4-B13,8904413451348
A10-S4-B13,8904413419553
A10-S4-B13,8904413451317
A10-S4-B13,8904413460326
A10-S4-B13,8904413460333
A10-S4-B13,8904413460319
A10-S4-B13,8904413460302
A10-S4-B13,8904413419577
A10-S4-B14,8904413451317
A10-S4-B14,8904413451317
A10-S4-B14,8904413451331
A10-S4-B14,8904413451324
A10-S4-B14,8904413451324
A10-S4-B14,8904413419560
A10-S4-B14,8904413419539
A10-S4-B14,8904488504031
A10-S4-B14,8904413451317
A10-S4-B14,8904413451331
A10-S4-B15,8904488504048
A10-S4-B15,8904488504062
A10-S4-B15,8904413451324
A10-S4-B15,8904488504055
A10-S4-B15,8904413451324
A10-S4-B15,8904413451300
A10-S4-B15,8904413451300
A10-S4-B15,8904488504055
A10-S5-B3,8904488519356
A10-S5-B3,8904413459016
A10-S5-B3,8904413458996
A10-S5-B3,8904413459016
A10-S5-B3,8904488518670
A10-S5-B3,8904413419621
A10-S5-B3,8904413459665
A10-S5-B3,8904413458989
A10-S5-B3,8904413459849
A10-S5-B3,8904488519592
A10-S5-B3,8904488519592
A10-S5-B3,8904413459559
A10-S5-B3,8904488519332
A10-S5-B3,8904413459023
A10-S5-B3,8904413419638
A10-S5-B4,8904413459825
A10-S5-B4,8904488519561
A10-S5-B4,8904413459641
A10-S5-B4,8904488519516
A10-S5-B4,8904413458989
A10-S5-B4,8904413459658
A10-S5-B4,8904488518663
A10-S5-B4,8904488518687
A10-S5-B4,8904488518496
A10-S5-B4,8904488518663
A10-S5-B4,8904488518502
A10-S5-B4,8904488519509
A10-S5-B4,8904488518472
A10-S5-B4,8904488519356
A10-S5-B4,8904488518489
A10-S5-B4,8904413459566
A10-S5-B4,8904413419607
A10-S5-B4,8904413458996
A10-S5-B4,8904413459863
A10-S5-B4,8904413459641
A10-S5-B4,8904413419591
A10-S5-B4,8904413459849
A10-S5-B4,8904413459665
A10-S5-B4,8904413459856
A10-S5-B4,8904488519578
A10-S5-B4,8904413459665
A10-S5-B4,8904488518670
A10-S5-B4,8904488518489
A10-S5-B4,8904488519547
A10-S5-B4,8904413459689
A10-S5-B7,8904413419621
A10-S5-B7,8904413459535
A10-S5-B7,8904413459528
A10-S5-B7,8904488519585
A10-S5-B7,8904413459559
A10-S5-B7,8904413458996
A10-S5-B7,8904488518496
A10-S5-B7,8904488518687
A10-S5-B7,8904488519332
A10-S5-B7,8904488519523
A10-S5-B7,8904413459665
A10-S5-B7,8904413459832
A10-S5-B7,8904413459672
A10-S5-B7,8904413459672
A10-S5-B7,8904413459542
A10-S5-B8,8904488518663
A10-S5-B8,8904488519578
A10-S5-B8,8904488519585
A10-S5-B8,8904488518519
A10-S5-B8,8904488519578
A10-S5-B8,8904488519608
A10-S5-B8,8904488500637
A10-S5-B8,8904488519516
A10-S5-B8,8904488519578
A10-S5-B8,8904488500644
A10-S5-B8,8904488519332
A10-S5-B8,8904488500620
A10-S5-B8,8904488518656
A10-S5-B8,8904488500613
A10-S5-B8,8904488519332
A10-S5-B8,8904413419614
A10-S5-B8,8904488519561
A10-S5-B8,8904488518656
A10-S5-B8,8904488518670
A10-S5-B8,8904413459658
A10-S5-B9,8904413422638
A10-S5-B9,8904413459856
A10-S5-B9,8904488519523
A10-S5-B9,8904413459542
A10-S5-B9,8904488518663
A10-S5-B9,8904488500620
A10-S5-B9,8904413422645
A10-S5-B9,8904488500637
A10-S5-B9,8904413422621
A10-S5-B9,8904413422621
A10-S5-B9,8904413422638
A10-S5-B9,8904413422621
A10-S5-B9,8904413422614
A10-S5-B9,8904488519585
A10-S5-B9,8904413459658
A10-S5-B9,8904488518502
A10-S5-B9,8904488519585
A10-S5-B9,8904413459658
A10-S5-B9,8904488518670
A10-S5-B9,8904413458996
A10-S5-B10,8904413414589
A10-S5-B10,8904413468056
A10-S5-B10,8904413419614
A10-S5-B10,8904413414572
A10-S5-B10,8904413414572
A10-S5-B10,8904413411731
A10-S5-B10,8904413411694
A10-S5-B10,8904413411724
A10-S5-B10,8904413414558
A10-S5-B10,8904413422621
A10-S5-B11,8904413411724
A10-S5-B11,8904413414596
A10-S5-B11,8904413414596
A10-S5-B11,8904413414565
A10-S5-B11,8904413411724
A10-S5-B11,8904413468025
A10-S5-B11,8904413414589
A10-S5-B11,8904413468063
A10-S5-B11,8904413414572
A10-S5-B11,8904413414572
A10-S5-B12,8904413414589
A10-S5-B12,8904413411731
A10-S5-B12,8904413414565
A10-S5-B12,8904413422638
A10-S5-B12,8904413422652
A10-S5-B12,8904413422614
A10-S5-B12,8904413411700
A10-S5-B12,8904413422638
A10-S5-B12,8904413411724
A10-S5-B12,8904413411694
A10-S5-B13,8904413468049
A10-S5-B13,8904413422645
A10-S5-B13,8904413468049
A10-S5-B13,8904413468032
A10-S5-B13,8904413414589
A10-S5-B13,8904413468056
A10-S3-B5,8904488518373
A10-S3-B5,8904488518373
A10-S3-B5,8904488518373
A10-S3-B5,8904488518373
A10-S3-B5,8904488518373
A10-S3-B5,8904488518397
A10-S3-B5,8904488518373
A10-S3-B5,8904488519769
A10-S3-B5,8904488519745
A10-S3-B5,8904488518373
A10-S3-B5,8904488518373
A10-S3-B5,8904488523421
A10-S3-B5,8904488508923
A10-S3-B5,8904413498312
A10-S3-B5,8904488523414
A10-S3-B5,8904488508947
A10-S3-B5,8904488519783
A10-S3-B5,8904488519776
A10-S3-B5,8904488508930
A10-S3-B5,8904488523421
A10-S3-B7,8904488505014
A10-S3-B7,8904488504994
A10-S3-B7,8904488523445
A10-S3-B7,8904413498312
A10-S3-B7,8904413498312
A10-S3-B7,8904413498329
A10-S3-B7,8904488505014
A10-S3-B7,8904413498299
A10-S3-B7,8904488518373
A10-S3-B7,8904488505106
A10-S3-B7,8904488519752
A10-S3-B7,8904488519776
A10-S3-B7,8904488505007
A10-S3-B7,8904488504994
A10-S3-B7,8904488505007
A10-S3-B7,8904488505007
A10-S3-B7,8904488504994
A10-S3-B7,8904488504994
A10-S3-B7,8904488505007
A10-S3-B7,8904488523414
A10-S3-B8,8904488508916
A10-S3-B8,8904488505106
A10-S3-B8,8904488518373
A10-S3-B8,8904488519752
A10-S3-B8,8904488508930
A10-S3-B8,8904413498312
A10-S3-B8,8904413498282
A10-S3-B8,8904413498305
A10-S3-B8,8904413498312
A10-S3-B8,8904413498305
A10-S3-B8,8904413498312
A10-S3-B8,8904488523407
A10-S3-B8,8904488523438
A10-S3-B8,8904413498299
A10-S3-B8,8904488508909
A10-S3-B8,8904413498305
A10-S3-B8,8904413498305
A10-S3-B8,8904488508923
A10-S3-B8,8904488519769
A10-S3-B8,8904488518373
A10-S3-B9,8904488506417
A10-S3-B9,8904413494888
A10-S3-B9,8904488506417
A10-S3-B9,8904488506424
A10-S3-B9,8904488514924
A10-S3-B9,8904488514924
A10-S3-B9,8904488514948
A10-S3-B9,8904488514917
A10-S3-B9,8904488514931
A10-S3-B9,8904413494895
A10-S3-B10,8904413494888
A10-S3-B10,8904413494871
A10-S3-B10,8904488506424
A10-S3-B10,8904413494871
A10-S3-B10,8904488506400
A10-S3-B10,8904488514931
A10-S3-B11,8904413491702
A10-S3-B11,8904413495533
A10-S3-B11,8904413495526
A10-S3-B11,8904413495533
A10-S3-B11,8904413495557
A10-S3-B11,8904413495540
A10-S3-B11,8904413445149
A10-S3-B11,8904413419027
A10-S3-B11,8904413445132
A10-S3-B11,8904413456176
A10-S3-B12,8904413445125
A10-S3-B12,8904413419010
A10-S3-B12,8904413456169
A10-S3-B12,8904413456169
A10-S3-B12,8904488507858
A10-S3-B12,8904413456145
A10-S3-B13,8904413419027
A10-S3-B13,8904413456152
A10-S3-B13,8904413419010
A10-S3-B13,8904413491689
A10-S3-B13,8904413491672
A10-S3-B13,8904413419003
A10-S3-B14,8904488507834
A10-S3-B14,8904413419034
A10-S3-B14,8904488507841
A10-S3-B14,8904488507834
A10-S3-B14,8904413456138
A10-S3-B14,8904488507872
A10-S3-B15,8904413419041
A10-S3-B15,8904413445132
A10-S3-B15,8904488507858
A10-S3-B15,8904488507872
A10-S3-B15,8904488507858
A10-S3-B15,8904488507841
A10-S5-B14,8904488507858
A10-S5-B14,8904488507858
A10-S5-B14,8904413445118
A10-S5-B14,8904488507858
A10-S5-B14,8904413456152
A10-S5-B14,8904488507858
A10-S5-B15,8904413495540
A10-S5-B15,8904413491689
A10-S5-B15,8904413445101
A10-S5-B15,8904413491689
A10-S5-B15,8904413491689
A10-S5-B15,8904413491672
A10-S5-B15,8904488507858
A10-S5-B15,8904413445125
A13-S6-B1,8904413413438
A13-S6-B1,8904413413421
A13-S6-B1,8904413413445
A13-S6-B1,8904413412684
A13-S6-B1,8904413412646
A13-S6-B1,8904413456282
A13- S6-B2 ,8904413481314
A13- S6-B2 ,8904413481291
A13- S6-B2 ,8904413483639
A13- S6-B2 ,8904413468360
A13- S6-B2 ,8904413482793
A13- S6-B2 ,8904413483653
A13- S6-B2 ,8904413468346
A13- S6-B2 ,8904413483622
A13- S6-B2 ,8904413483639
A13- S6-B2 ,8904413481338
A13- S6-B2 ,8904413468353
A13- S6-B2 ,8904413482816
A13- S6-B2 ,8904413483622
A13- S6-B2 ,8904413481321
A13- S6-B2 ,8904413468339
A13-S6-B3,8904413483646
A13-S6-B3,8904413483622
A13-S6-B3,8904413483639
A13-S6-B3,8904413483622
A13-S6-B3,8904413482809
A13-S6-B3,8904413482809
A13-S6-B3,8904413483615
A13-S6-B3,8904413483615
A13-S6-B3,8904413481314
A13-S6-B3,8904413482786
A13-S6-B3,8904413483646
A13-S6-B3,8904413483639
A13-S6-B3,8904413468353
A13-S6-B3,8904413482779
A13-S6-B3,8904413482793
A13-S6-B4,8904413456282
A13-S6-B4,8904413456251
A13-S6-B4,8904413456268
A13-S6-B4,8904413413421
A13-S6-B4,8904413413438
A13-S6-B4,8904413413445
A13-S6-B5,8904413412653
A13-S6-B5,8904413413445
A13-S6-B5,8904413413452
A13-S6-B5,8904413413445
A13-S6-B5,8904413456282
A13-S6-B5,8904413412639
A13-S6-B6,8904413456282
A13-S6-B6,8904413412639
A13-S6-B6,8904413412646
A13-S6-B6,8904413456299
A13-S6-B6,8904413456268
A13-S6-B7,8904413481321
A13-S6-B7,8904413456299
A13-S6-B7,8904413456275
A13-S6-B7,8904413456275
A13-S6-B7,8904413456275
A13-S6-B7,8904413456275
A13-S6-B8,8904413481307
A13-S6-B8,8904413456251
A13-S6-B8,8904413413452
A13-S6-B8,8904413413438
A13-S6-B8,8904413413438
A13-S6-B8,8904413413414
A13-S6-B9,8904488517734
A13-S6-B9,8904413454073
A13-S6-B9,8904413454080
A13-S6-B9,8904488517710
A13-S6-B9,8904413456398
A13-S6-B10,8904488504888
A13-S6-B10,8904488504895
A13-S6-B10,8904488504895
A13-S6-B10,8904488517697
A13-S6-B10,8904488504871
A13-S6-B10,8904413486210
A13-S6-B10,8904488517710
A13-S6-B10,8904488505076
A13-S6-B10,8904488504888
A13-S6-B10,8904488504871
A13-S6-B10,8904488504888
A13-S6-B10,8904488504871
A13-S6-B10,8904488505076
A13-S6-B10,8904488504888
A13-S6-B10,8904488504901
A13-S6-B10,8904413476945
A13-S6-B10,8904413444487
A13-S6-B10,8904413476945
A13-S6-B10,8904488504871
A13-S6-B10,8904413476952
A13-S6-B11,8904413456329
A13-S6-B11,8904413456336
A13-S6-B11,8904413454851
A13-S6-B11,8904413454875
A13-S6-B11,8904413456336
A13-S6-B12,8904413456312
A13-S6-B12,8904413456350
A13-S6-B12,8904413454103
A13-S6-B12,8904413454080
A13-S6-B12,8904413444494
A13-S6-B12,8904413444470
A13-S6-B12,8904413476938
A13-S6-B12,8904413486210
A13-S6-B12,8904413486197
A13-S6-B12,8904413486203
A13-S6-B13,8904413486227
A13-S6-B13,8904413476938
A13-S6-B13,8904413476921
A13-S6-B13,8904413486203
A13-S6-B13,8904413444470
A13-S6-B13,8904413444494
A13-S6-B13,8904413444494
A13-S6-B13,8904413444517
A13-S6-B13,8904413444500
A13-S6-B13,8904413444487
A13-S6-B13,8904413444500
A13-S6-B13,8904413444487
A13-S6-B13,8904413444487
A13-S6-B13,8904413444494
A13-S6-B14,8904413456374
A13-S6-B14,8904413456398
A13-S6-B14,8904413456398
A13-S6-B14,8904488517727
A13-S6-B14,8904488517727
A13-S6-B14,8904488517703
A13-S6-B15,8904413456404
A13-S6-B15,8904413456398
A13-S6-B15,8904413456411
A13-S6-B15,8904413456374
A13-S6-B15,8904413456411
A13-S6-B15,8904413456404
A13-S5-B4,8904413454868
A13-S5-B4,8904413454875
A13-S5-B4,8904413454844
A13-S5-B4,8904413454882
A13-S5-B4,8904413454868
A13-S5-B5,8904413455896
A13-S5-B5,8904413458620
A13-S5-B5,8904413492341
A13-S5-B5,8904413488443
A13-S5-B5,8904413411595
A13-S5-B5,8904413458637
A13-S5-B6,8904413455902
A13-S5-B6,8904413470561
A13-S5-B6,8904413458613
A13-S5-B6,8904413488412
A13-S5-B6,8904413488436
A13-S5-B6,8904413488436
A13-S5-B7,8904413458637
A13-S5-B7,8904413411588
A13-S5-B7,8904413470578
A13-S5-B7,8904413470578
A13-S5-B7,8904413470592
A13-S5-B8,8904413411595
A13-S5-B8,8904413411588
A13-S5-B8,8904413470585
A13-S5-B8,8904413411618
A13-S5-B8,8904413411571
A13-S5-B8,8904413411588
A13-S5-B9,8904413492334
A13-S5-B9,8904413492327
A13-S5-B9,8904413492341
A13-S5-B9,8904413411588
A13-S5-B9,8904413492365
A13-S5-B10,8904413448959
A13-S5-B10,8904413448959
A13-S5-B10,8904413448935
A13-S5-B10,8904413448942
A13-S5-B10,8904413448942
A13-S5-B10,8904413455919
A13-S5-B10,8904413411571
A13-S5-B10,8904413470585
A13-S5-B11,8904413488450
A13-S5-B11,8904413458620
A13-S5-B11,8904413458644
A13-S5-B11,8904413488429
A13-S5-B11,8904413488443
A13-S5-B12,8904413411601
A13-S5-B12,8904413411595
A13-S5-B12,8904413411601
A13-S5-B12,8904413411595
A13-S5-B12,8904413411618
A13-S5-B12,8904413455919
A13-S5-B13,8904488507391
A13-S5-B13,8904488507391
A13-S5-B13,8904488507360
A13-S5-B13,8904488507377
A13-S5-B13,8904488507384
A13-S5-B14,8904413490729
A13-S5-B14,8904413490705
A13-S5-B14,8904488507353
A13-S5-B14,8904488507377
A13-S5-B14,8904488507377
A13-S5-B15,8904488507384
A13-S5-B15,8904488507360
A13-S5-B15,8904488507384
A13-S5-B15,8904488507384
A13-S5-B15,8904488507377
A13-S4-B4,8904413490712
A13-S4-B4,8904413412349
A13-S4-B4,8904413412370
A13-S4-B4,8904413412387
A13-S4-B4,8904413412349
A13-S4-B4,8904413415401
A13-S4-B4,8904413445026
A13-S4-B4,8904413444982
A13-S4-B4,8904413415418
A13-S4-B5,8904413490736
A13-S4-B5,8904413463570
A13-S4-B5,8904413463594
A13-S4-B5,8904413463587
A13-S4-B5,8904413463587
A13-S4-B5,8904413463563
A13-S4-B5,8904413463594
A13-S4-B5,8904488517901
A13-S4-B5,8904488517888
A13-S4-B5,8904488517895
A13-S4-B5,8904488517895
A13-S4-B6,8904413490729
A13-S4-B6,8904413445002
A13-S4-B6,8904413490699
A13-S4-B6,8904413445002
A13-S4-B6,8904413415432
A13-S4-B6,8904413415418
A13-S4-B6,8904413412370
A13-S4-B7,8904413490712
A13-S4-B7,8904413412356
A13-S4-B7,8904413463570
A13-S4-B7,8904413463563
A13-S4-B7,8904413463587
A13-S4-B7,8904413463570
A13-S4-B7,8904413463570
A13-S4-B7,8904413463587
A13-S4-B7,8904488517888
A13-S4-B7,8904488517918
A13-S4-B7,8904488517871
A13-S4-B8,8904488509784
A13-S4-B8,8904488509760
A13-S4-B8,8904488509777
A13-S4-B8,8904488509760
A13-S4-B8,8904488509777
A13-S4-B9,8904413452871
A13-S4-B9,8904413452895
A13-S4-B9,8904413452888
A13-S4-B9,8904413452901
A13-S4-B9,8904413452888
A13-S4-B10,8904488509746
A13-S4-B10,8904488509753
A13-S4-B10,8904413452864
A13-S4-B10,8904413452895
A13-S4-B10,8904413476808
A13-S4-B10,8904413413339
A13-S4-B10,8904413476792
A13-S4-B10,8904413476808
A13-S4-B10,8904413476808
A13-S4-B10,8904413476815
A13-S4-B11,8904413463891
A13-S4-B11,8904413463891
A13-S4-B11,8904413463907
A13-S4-B11,8904413463884
A13-S4-B11,8904413466120
A13-S4-B11,8904413466137
A13-S4-B11,8904413476839
A13-S4-B11,8904488513323
A13-S4-B11,8904413413308
A13-S4-B11,8904413463907
A13-S4-B11,8904413463907
A13-S4-B11,8904413463914
A13-S4-B11,8904413463921
A13-S4-B11,8904413463914
A13-S4-B11,8904413463907
A13-S4-B12,8904413486272
A13-S4-B12,8904413413322
A13-S4-B12,8904413471247
A13-S4-B12,8904413484827
A13-S4-B12,8904413484834
A13-S4-B12,8904413484827
A13-S4-B12,8904413484841
A13-S4-B12,8904413484834
A13-S4-B12,8904413471223
A13-S4-B12,8904413471223
A13-S4-B12,8904413471223
A13-S4-B12,8904413471216
A13-S4-B12,8904413471216
A13-S4-B12,8904413471230
A13-S4-B12,8904413471247
A13-S4-B13,8904488501412
A13-S4-B13,8904488501474
A13-S4-B13,8904413463891
A13-S4-B13,8904413466144
A13-S4-B13,8904488513316
A13-S4-B13,8904413476822
A13-S4-B13,8904413486265
A13-S4-B13,8904413466137
A13-S4-B13,8904413466168
A13-S4-B13,8904413466144
A13-S4-B13,8904488513316
A13-S4-B13,8904413413308
A13-S4-B13,8904413413315
A13-S4-B13,8904488513309
A13-S4-B13,8904413476815
A13-S4-B14,8904488501481
A13-S4-B14,8904413473500
A13-S4-B14,8904413470073
A13-S4-B14,8904413470097
A13-S4-B14,8904413470097
A13-S4-B14,8904413470103
A13-S4-B14,8904413470080
A13-S4-B14,8904413470080
A13-S4-B14,8904413476815
A13-S4-B14,8904413476815
A13-S4-B14,8904413478499
A13-S4-B14,8904413484810
A13-S4-B14,8904413470332
A13-S4-B14,8904413478505
A13-S4-B14,8904413478505
A13-S4-B14,8904413478512
A13-S4-B15,8904488501405
A13-S4-B15,8904488501405
A13-S4-B15,8904488501436
A13-S4-B15,8904488501429
A13-S4-B15,8904488505816
A13-S4-B15,8904488505793
A13-S4-B15,8904488505809
A13-S4-B15,8904488505816
A13-S4-B15,8904488505809
A13-S4-B15,8904413447303
A13-S4-B15,8904413447297
A13-S4-B15,8904413471223
A13-S4-B15,8904488513309
A13-S4-B15,8904488513293
A13-S4-B15,8904413484858
A13-S3-B4,8904488501474
A13-S3-B4,8904488501474
A13-S3-B4,8904413471230
A13-S3-B4,8904413478499
A13-S3-B4,8904413478482
A13-S3-B4,8904413478529
A13-S3-B4,8904488513330
A13-S3-B4,8904413463891
A13-S3-B4,8904413470318
A13-S3-B4,8904413470349
A13-S3-B4,8904413470318
A13-S3-B4,8904413470349
A13-S3-B4,8904413470325
A13-S3-B4,8904413470332
A13-S3-B4,8904413470325
A13-S3-B5,8904413447303
A13-S3-B5,8904413447327
A13-S3-B5,8904413470103
A13-S3-B5,8904413447310
A13-S3-B5,8904413447297
A13-S3-B5,8904488501412
A13-S3-B5,8904413476884
A13-S3-B5,8904413447280
A13-S3-B5,8904413470097
A13-S3-B5,8904413473500
A13-S3-B5,8904413470080
A13-S3-B5,8904413470080
A13-S3-B5,8904413470073
A13-S3-B5,8904413473494
A13-S3-B5,8904413473531
A13-S3-B5,8904413473531
A13-S3-B5,8904488505830
A13-S3-B5,8904413470097
A13-S3-B5,8904413473517
A13-S3-B5,8904413473524
A13-S3-B6,8904413470356
A13-S3-B6,8904413466151
A13-S3-B6,8904413486265
A13-S3-B6,8904413463884
A13-S3-B6,8904413471230
A13-S3-B6,8904413471230
A13-S3-B6,8904413476808
A13-S3-B6,8904413413315
A13-S3-B6,8904413470332
A13-S3-B6,8904413470325
A13-S3-B6,8904413486258
A13-S3-B6,8904413486272
A13-S3-B6,8904413470332
A13-S3-B6,8904413486296
A13-S3-B6,8904413486289
A13-S3-B6,8904413470325
A13-S3-B6,8904413476792
A13-S3-B6,8904488505823
A13-S3-B6,8904488501467
A13-S3-B6,8904413473517
A13-S3-B6,8904488501467
A13-S3-B6,8904488501467
A13-S3-B6,8904488501450
A13-S3-B6,8904488501450
A13-S3-B6,8904488501467
A13-S3-B6,8904488501481
A13-S3-B6,8904488501474
A13-S3-B7,8904413450839
A13-S3-B7,8904488526972
A13-S3-B7,8904413406522
A13-S3-B7,8904413498725
A13-S3-B7,8904488500569
A13-S3-B7,8904413489167
A13-S3-B7,8904488505311
A13-S3-B7,8904413450846
A13-S3-B7,8904488504222
A13-S3-B7,8904488504222
A13-S3-B7,8904413400605
A13-S3-B7,8904413498732
A13-S3-B7,8904413406539
A13-S3-B7,8904413400599
A13-S3-B7,8904413400599
A13-S3-B8,8904413406522
A13-S3-B8,8904413498749
A13-S3-B8,8904413498701
A13-S3-B8,8904413406546
A13-S3-B8,8904413450853
A13-S3-B8,8904488504215
A13-S3-B8,8904413499869
A13-S3-B8,8904413450853
A13-S3-B8,8904413498718
A13-S3-B8,8904488504239
A13-S3-B8,8904413489143
A13-S3-B8,8904413450846
A13-S3-B8,8904488526996
A13-S3-B8,8904488500583
A13-S3-B8,8904413400582
A13-S3-B9,8904413489150
A13-S3-B9,8904413499869
A13-S3-B9,8904488500552
A13-S3-B9,8904413450860
A13-S3-B9,8904413499852
A13-S3-B9,8904488505328
A13-S3-B9,8904488505311
A13-S3-B9,8904413489150
A13-S3-B9,8904413489136
A13-S3-B9,8904488526989
A13-S3-B9,8904413413629
A13-S3-B9,8904413411441
A13-S3-B9,8904413499869
A13-S3-B9,8904488500125
A13-S3-B9,8904488500576
A13-S3-B10,8904413411458
A13-S3-B10,8904413411458
A13-S3-B10,8904413411465
A13-S3-B10,8904413413612
A13-S3-B10,8904413411489
A13-S3-B10,8904413413612
A13-S3-B10,8904488500576
A13-S3-B10,8904488504246
A13-S3-B10,8904413400575
A13-S3-B10,8904413411465
A13-S3-B11,8904413406515
A13-S3-B11,8904413406539
A13-S3-B11,8904488505328
A13-S3-B11,8904488500569
A13-S3-B11,8904413400582
A13-S3-B11,8904488504239
A13-S3-B11,8904488505304
A13-S3-B11,8904413498732
A13-S3-B11,8904413498725
A13-S3-B11,8904488526965
A13-S3-B11,8904488526989
A13-S3-B11,8904488526972
A13-S3-B11,8904413489167
A13-S3-B12,8904413413629
A13-S3-B12,8904413432354
A13-S3-B12,8904413432354
A13-S3-B12,8904413413612
A13-S3-B12,8904413413629
A13-S3-B12,8904413413605
A13-S3-B12,8904413432354
A13-S3-B12,8904413432378
A13-S3-B12,8904413432378
A13-S3-B12,8904413432361
A13-S3-B13,8904413432392
A13-S3-B13,8904413432361
A13-S3-B13,8904413432392
A13-S3-B13,8904413432347
A13-S3-B13,8904413432378
A13-S3-B13,8904413432347
A13-S3-B13,8904413432354
A13-S3-B13,8904413432378
A13-S3-B14,8904413413605
A13-S3-B14,8904413413612
A13-S3-B14,8904413413636
A13-S3-B14,8904413413629
A13-S3-B14,8904413413636
A13-S3-B14,8904413413599
A13-S3-B15,8904488509005
A13-S3-B15,8904413498619
A13-S3-B15,8904413498619
A13-S3-B15,8904413468773
A13-S3-B15,8904488515594
A13-S3-B15,8904488532911
A13-S3-B15,8904488513613
A13-S3-B15,8904488532904
A13-S3-B15,8904488501962
A13-S3-B15,8904413452390
A13-S3-B15,8904413468742
A13-S3-B15,8904488501962
A13-S3-B15,8904413488900
A13-S3-B15,8904413468780
A13-S3-B15,8904413452406
A13-S2-B4,8904413488962
A13-S2-B4,8904488526620
A13-S2-B4,8904413488917
A13-S2-B4,8904413488894
A13-S2-B4,8904413468766
A13-S2-B4,8904488532645
A13-S2-B4,8904488532652
A13-S2-B4,8904488532652
A13-S2-B4,8904488532652
A13-S2-B4,8904488532676
A13-S2-B4,8904488532645
A13-S2-B4,8904488532652
A13-S2-B4,8904488532645
A13-S2-B4,8904488501931
A13-S2-B4,8904488517055
A13-S2-B5,8904488508978
A13-S2-B5,8904488508992
A13-S2-B5,8904488526613
A13-S2-B5,8904488526606
A13-S2-B5,8904488515587
A13-S2-B5,8904488513583
A13-S2-B5,8904488532669
A13-S2-B5,8904413488900
A13-S2-B5,8904413488894
A13-S2-B5,8904488532898
A13-S2-B5,8904413488979
A13-S2-B5,8904488526866
A13-S2-B5,8904488526859
A13-S2-B5,8904488526637
A13-S2-B5,8904413488917
A13-S2-B6,8904413488917
A13-S2-B6,8904413468766
A13-S2-B6,8904488513613
A13-S2-B6,8904488532669
A13-S2-B6,8904413488917
A13-S2-B6,8904488526873
A13-S2-B6,8904488501948
A13-S2-B6,8904413488924
A13-S2-B6,8904413468759
A13-S2-B6,8904413488542
A13-S2-B6,8904488532898
A13-S2-B6,8904413488924
A13-S2-B6,8904488532904
A13-S2-B7,8904488513606
A13-S2-B7,8904488515570
A13-S2-B7,8904488513590
A13-S2-B7,8904413468773
A13-S2-B7,8904413488993
A13-S2-B7,8904413488986
A13-S2-B7,8904413498596
A13-S2-B7,8904488515587
A13-S2-B7,8904488517055
A13-S2-B7,8904413488986
A13-S2-B7,8904413452413
A13-S2-B7,8904413452413
A13-S2-B7,8904413488900
A13-S2-B7,8904488526859
A13-S2-B7,8904488517062
A13-S2-B8,8904413488542
A13-S2-B8,8904488501955
A13-S2-B8,8904488532881
A13-S2-B8,8904488526835
A13-S2-B8,8904413488559
A13-S2-B8,8904413488566
A13-S2-B8,8904488515563
A13-S2-B8,8904488515600
A13-S2-B8,8904413488559
A13-S2-B8,8904488526613
A13-S2-B8,8904488501948
A13-S2-B8,8904413488535
A13-S2-B8,8904413452406
A13-S2-B8,8904488517062
A13-S2-B8,8904488508985
A13-S2-B9,8904488508992
A13-S2-B9,8904488532645
A13-S2-B9,8904488526620
A13-S2-B9,8904488526842
A13-S2-B9,8904488513606
A13-S2-B9,8904488513620
A13-S2-B9,8904413497735
A13-S2-B9,8904413488900
A13-S2-B9,8904413498602
A13-S2-B9,8904413488979
A13-S2-B9,8904488517048
A13-S2-B9,8904488508985
A13-S2-B9,8904488517079
A13-S2-B9,8904413498602
A13-S2-B9,8904488515594
A13-S2-B10,8904413411540
A13-S2-B10,8904413411526
A13-S2-B10,8904413411533
A13-S2-B10,8904413411526
A13-S2-B10,8904413411519
A13-S2-B11,8904413452420
A13-S2-B11,8904488526866
A13-S2-B11,8904413497759
A13-S2-B11,8904413497766
A13-S2-B11,8904413497759
A13-S2-B11,8904413497766
A13-S2-B11,8904413497742
A13-S2-B11,8904413497773
A13-S2-B12,8904413456947
A13-S2-B12,8904413463648
A13-S2-B12,8904413476037
A13-S2-B12,8904413463631
A13-S2-B12,8904413463655
A13-S2-B12,8904413456930
A13-S2-B12,8904413456930
A13-S2-B12,8904413456916
A13-S2-B13,8904413456954
A13-S2-B13,8904413470950
A13-S2-B13,8904413470936
A13-S2-B13,8904413470943
A13-S2-B13,8904413456923
A13-S2-B14,8904413476419
A13-S2-B14,8904488512937
A13-S2-B14,8904488512968
A13-S2-B14,8904413477539
A13-S2-B14,8904413496431
A13-S2-B14,8904413477522
A13-S2-B14,8904413447181
A13-S2-B14,8904413476587
A13-S2-B14,8904413496493
A13-S2-B14,8904488519196
A13-S2-B14,8904488519202
A13-S2-B14,8904488513149
A13-S2-B14,8904413496431
A13-S2-B14,8904413496486
A13-S2-B14,8904413476402
A13-S2-B14,8904413476402
A13-S2-B14,8904413496479
A13-S2-B14,8904413496486
A13-S2-B14,8904488513002
A13-S2-B14,8904488513002
A13-S2-B14,8904488512951
A13-S2-B15,8904488512944
A13-S2-B15,8904488512951
A13-S2-B15,8904413476037
A13-S2-B15,8904413476389
A13-S2-B15,8904413450402
A13-S2-B15,8904413447181
A13-S2-B15,8904413463631
A13-S2-B15,8904413470936
A13-S2-B15,8904413496431
A13-S2-B15,8904488512944
A13-S2-B15,8904413486159
A13-S2-B15,8904413484346
A13-S2-B15,8904413486142
A13-S2-B15,8904413486159
A13-S2-B15,8904413450440
A13-S2-B15,8904413447181
A13-S2-B15,8904413496431
A13-S2-B15,8904413496417
A13-S2-B15,8904413496448
A13-S2-B15,8904413450402
A13-S1-S4,8904488512937
A13-S1-S4,8904413477546
A13-S1-S4,8904488512951
A13-S1-S4,8904488512951
A13-S1-S4,8904488513019
A13-S1-S4,8904488513026
A13-S1-S4,8904413496493
A13-S1-S4,8904488513132
A13-S1-S4,8904488519226
A13-S1-S4,8904488513125
A13-S1-S4,8904413450426
A13-S1-S4,8904413496417
A13-S1-S4,8904413484346
A13-S1-S4,8904413477522
A13-S1-S4,8904413484360
A13-S1-S4,8904413484339
A13-S1-S4,8904413484377
A13-S1-S4,8904413496493
A13-S1-S4,8904488513019
A13-S1-S4,8904488513026
A13-S1-S5,8904488512944
A13-S1-S5,8904413477539
A13-S1-S5,8904488513002
A13-S1-S5,8904488513019
A13-S1-S5,8904488512968
A13-S1-S5,8904413486142
A13-S1-S5,8904413486166
A13-S1-S5,8904413486135
A13-S1-S5,8904413477539
A13-S1-S5,8904488513125
A13-S1-S5,8904413477539
A13-S1-S5,8904488512999
A13-S1-S5,8904488513033
A13-S1-S5,8904413477522
A13-S1-S5,8904488513002
A13-S1-S5,8904488513019
A13-S1-S5,8904488513156
A13-S1-S5,8904413496509
A13-S1-S5,8904413496509
A13-S1-S5,8904488513118
A13-S1-S5,8904488513132
A13-S1-S5,8904413496493
A13-S1-S5,8904413496486
A13-S1-S6,8904413447174
A13-S1-S6,8904413447198
A13-S1-S6,8904413447174
A13-S1-S6,8904413447167
A13-S1-S6,8904413450426
A13-S1-S6,8904413477515
A13-S1-S6,8904413476396
A13-S1-S6,8904413476372
A13-S1-S6,8904413476594
A13-S1-S6,8904413476587
A13-S1-S6,8904413476556
A13-S1-S6,8904413450426
A13-S1-S6,8904413476396
A13-S1-S6,8904413476570
A13-S1-S6,8904413476570
A13-S1-S6,8904413476570
A13-S1-S7,8904413450426
A13-S1-S7,8904413496448
A13-S1-S7,8904413477522
A13-S1-S7,8904413477546
A13-S1-S7,8904413496479
A13-S1-S7,8904488519219
A13-S1-S7,8904413496486
A13-S1-S7,8904488512975
A13-S1-S7,8904488512944
A13-S1-S7,8904413476044
A13-S1-S7,8904488519219
A13-S1-S7,8904488512999
A13-S1-S7,8904413477515
A13-S1-S7,8904488519233
A13-S1-S7,8904413477553
A13-S1-S8,8904413476563
A13-S1-S8,8904413470929
A13-S1-S8,8904413470943
A13-S1-S8,8904413476044
A13-S1-S8,8904413476020
A13-S1-S8,8904413476051
A13-S1-S8,8904413456947
A14-S6-B1,8904488510018
A14-S6-B1,8904488509999
A14-S6-B1,8904488511565
A14-S6-B1,8904488511572
A14-S6-B1,8904488511565
A14-S6-B2,8904488510063
A14-S6-B2,8904488511565
A14-S6-B2,8904488510070
A14-S6-B2,8904488510063
A14-S6-B2,8904488510056
A14-S6-B3,8904488510070
A14-S6-B3,8904488510087
A14-S6-B3,8904488510001
A14-S6-B3,8904488510025
A14-S6-B3,8904488510001
A14-S6-B4,8904488509999
A14-S6-B4,8904488509982
A14-S6-B4,8904488510018
A14-S6-B4,8904488511558
A14-S6-B4,8904488511565
A14-S6-B5,8904488511596
A14-S6-B5,8904488511558
A14-S6-B5,8904488511589
A14-S6-B5,8904488511589
A14-S6-B5,8904488511572
A14-S6-B6,8904488514979
A14-S6-B6,8904488511572
A14-S6-B6,8904413497285
A14-S6-B6,8904488523551
A14-S6-B6,8904488514986
A14-S6-B7,8904413497292
A14-S6-B7,8904413497278
A14-S6-B7,8904413497254
A14-S6-B7,8904413497278
A14-S6-B7,8904413497261
A14-S6-B7,8904488523537
A14-S6-B7,8904413497285
A14-S6-B7,8904488523551
A14-S6-B7,8904488523551
A14-S6-B7,8904488523568
A14-S6-B7,8904488523544
A14-S6-B7,8904488523544
A14-S6-B7,8904488523551
A14-S6-B7,8904488523575
A14-S6-B7,8904488523568
A14-S6-B8,8904488523544
A14-S6-B8,8904488523537
A14-S6-B8,8904488523544
A14-S6-B8,8904488514962
A14-S6-B8,8904488514993
A14-S6-B9,8904488514993
A14-S6-B9,8904488511572
A14-S6-B9,8904488515006
A14-S6-B9,8904488514986
A12-S3-B9,8904413497629
A12-S3-B9,8904413497636
A12-S3-B9,8904413497636
A12-S3-B9,8904413497636
A12-S3-B9,8904413463624
A12-S3-B9,8904413463624
A12-S3-B9,8904413497636
A12-S3-B9,8904413496424
A12-S3-B9,8904413496424
A12-S3-B10,8904413411472
A12-S3-B10,8904413470912
A12-S3-B10,8904413497513
A12-S3-B10,8904413497629
A12-S3-B10,8904488504048
A12-S3-B10,8904413484353
A12-S3-B10,8904413484353
A12-S3-B10,8904413496424
A12-S3-B10,8904413454066
A12-S3-B10,8904413496424